{"mean": 0.13066047430038452, "std": 0.30810782313346863}